action,guest,authenticated_user,profile_owner,seeker,provider,admin
view_discover,allow,allow,allow,allow,allow,allow
view_public_profile,allow,allow,allow,allow,allow,allow
save_profile,deny,allow,allow,allow,allow,allow
follow_profile,deny,allow,allow,allow,allow,allow
create_conversation_request,deny,allow,allow,allow,allow,allow
propose_times,deny,deny,allow_own_received_requests,deny,allow_own_received_requests,allow
select_proposed_time,deny,deny,allow_own_sent_requests,allow_own_sent_requests,deny,allow
pay_for_conversation,deny,deny,allow_own_sent_requests,allow_own_sent_requests,deny,allow
submit_feedback,deny,deny,allow_after_own_successful_conversation,allow_after_own_successful_conversation,deny,allow
create_experience_profile,deny,allow,allow,allow,allow,allow
edit_own_experience_profile,deny,deny,allow,deny,allow_own_profile,allow
submit_profile_for_review,deny,deny,allow,deny,allow_own_profile,allow
review_profile,deny,deny,deny,deny,deny,allow
view_my_profile_dashboard,deny,allow,allow,allow,allow,allow
view_network,deny,allow,allow,allow,allow,allow
view_followers_of_own_profile,deny,deny,allow,deny,allow_own_profile,allow
view_received_feedback,deny,deny,allow,deny,allow_own_profile,allow
view_wallet,deny,allow,allow,allow,allow,allow
top_up_wallet,deny,allow,allow,allow,allow,allow
request_payout,deny,deny,allow_if_payout_info_registered,deny,allow_if_payout_info_registered,allow
edit_account_settings,deny,allow_own_account,allow_own_account,allow_own_account,allow_own_account,allow
view_notifications,deny,allow_own_notifications,allow_own_notifications,allow_own_notifications,allow_own_notifications,allow
